Area,Open,Close,Reg_North,Reg_South
Northern,01/12,15/07,42.66667,38.7669444
Central,15/11,30/06,38.7669444,32.16667